1,11,1
1,18,1
1,32,1
1,41,5
1,49,5
1,78,3
1,91,4
1,95,3
1,107,1
1,110,3
1,114,5
1,126,2
1,128,5
1,137,5
1,139,4
1,162,1
1,212,4
1,247,2
1,248,1
1,259,2
1,262,1
1,263,3
1,283,3
1,293,1
1,294,1
1,299,3
2,4,1
2,7,3
2,12,1
2,14,5
2,15,3
2,17,4
2,21,1
2,24,3
2,25,4
2,26,5
2,28,4
2,29,5
2,35,1
2,38,2
2,39,3
2,51,2
2,53,5
2,55,2
2,58,5
2,63,3
2,64,5
2,68,3
2,76,3
2,78,5
2,80,4
2,83,3
2,84,1
2,90,2
2,92,2
2,107,1
2,108,5
2,109,1
2,112,4
2,113,4
2,115,4
2,118,3
2,119,4
2,137,5
2,142,2
2,146,5
2,149,1
2,150,4
2,153,3
2,154,1
2,158,2
2,162,3
2,163,4
2,182,3
2,183,1
2,184,3
2,185,4
2,189,4
2,195,2
2,196,4
2,197,5
2,201,2
2,204,1
2,205,3
2,207,1
2,220,2
2,223,1
2,224,2
2,225,5
2,226,1
2,232,3
2,235,1
2,239,2
2,247,3
2,248,4
2,249,1
2,250,5
2,252,2
2,257,5
2,260,5
2,264,4
2,269,5
2,272,2
2,280,2
2,295,2
2,299,5
3,1,5
3,5,5
3,8,4
3,11,3
3,13,2
3,22,4
3,35,3
3,50,1
3,61,4
3,63,4
3,68,2
3,72,3
3,74,5
3,77,3
3,83,5
3,87,4
3,94,3
3,95,2
3,98,1
3,103,5
3,104,2
3,106,4
3,107,2
3,109,5
3,119,5
3,125,3
3,129,4
3,130,3
3,131,5
3,134,2
3,136,5
3,139,3
3,143,1
3,152,2
3,153,1
3,157,5
3,160,1
3,161,4
3,167,4
3,170,5
3,177,4
3,190,4
3,193,4
3,194,3
3,196,1
3,199,2
3,202,2
3,208,1
3,210,4
3,216,2
3,217,4
3,227,5
3,233,2
3,236,4
3,240,4
3,244,2
3,248,4
3,251,2
3,252,5
3,253,2
3,256,1
3,260,5
3,270,1
3,271,4
3,278,4
3,284,5
3,288,2
3,293,3
3,299,4
4,4,3
4,8,3
4,14,1
4,17,3
4,18,1
4,22,1
4,23,1
4,25,3
4,28,5
4,37,2
4,38,1
4,40,1
4,42,2
4,45,2
4,48,2
4,58,1
4,59,1
4,63,1
4,64,2
4,68,5
4,70,1
4,76,5
4,84,3
4,85,2
4,86,1
4,87,4
4,93,2
4,101,3
4,104,4
4,111,5
4,114,2
4,117,3
4,119,5
4,128,1
4,132,2
4,135,3
4,138,5
4,145,1
4,147,3
4,153,1
4,154,3
4,155,4
4,166,4
4,170,4
4,171,4
4,174,2
4,179,1
4,181,4
4,184,2
4,190,4
4,193,3
4,194,4
4,203,2
4,206,1
4,207,2
4,209,2
4,210,2
4,211,4
4,224,5
4,235,2
4,242,5
4,243,2
4,250,2
4,253,3
4,254,5
4,255,1
4,257,5
4,258,4
4,264,5
4,271,5
4,272,1
4,275,3
4,285,3
4,293,4
4,295,4
5,12,5
5,19,4
5,58,4
5,85,4
5,119,3
5,143,4
5,158,4
5,256,3
5,267,1
5,294,4
6,11,2
6,12,4
6,13,3
6,14,5
6,22,2
6,30,2
6,35,1
6,39,5
6,47,2
6,51,4
6,54,5
6,61,4
6,62,2
6,63,3
6,64,3
6,67,3
6,72,1
6,75,2
6,76,4
6,79,1
6,93,5
6,94,1
6,96,3
6,98,3
6,113,3
6,116,1
6,121,2
6,127,3
6,131,3
6,134,5
6,135,3
6,141,4
6,144,3
6,156,5
6,166,2
6,182,2
6,186,1
6,187,3
6,192,3
6,196,2
6,204,4
6,212,5
6,219,5
6,226,2
6,234,5
6,237,2
6,238,1
6,240,3
6,241,1
6,246,1
6,248,3
6,249,2
6,250,5
6,256,4
6,264,3
6,271,5
6,280,5
6,290,2
6,295,4
6,298,4
7,12,3
7,15,5
7,19,1
7,35,1
7,41,5
7,54,4
7,81,1
7,84,5
7,95,4
7,109,3
7,123,3
7,156,1
7,158,1
7,160,3
7,164,3
7,169,2
7,175,2
7,182,1
7,184,5
7,205,5
7,227,5
7,234,4
7,236,3
7,237,3
7,277,5
7,287,5
7,291,1
7,296,4
8,11,3
8,41,5
8,67,5
8,73,4
8,76,4
8,93,1
8,94,4
8,96,1
8,113,3
8,115,1
8,127,1
8,131,3
8,133,5
8,146,1
8,167,1
8,171,4
8,186,3
8,197,4
8,207,1
8,218,1
8,220,4
8,221,3
8,222,3
8,226,4
8,229,3
8,245,1
8,247,5
8,259,2
8,263,3
8,272,4
8,273,5
8,276,2
8,278,5
8,282,4
8,283,1
8,285,2
8,288,1
8,295,1
8,300,1
9,5,2
9,7,2
9,15,3
9,22,3
9,24,3
9,28,1
9,31,2
9,33,3
9,34,3
9,40,3
9,41,2
9,43,3
9,44,5
9,50,3
9,51,1
9,52,4
9,53,4
9,55,1
9,56,2
9,61,1
9,64,4
9,65,3
9,74,4
9,80,1
9,81,2
9,89,4
9,91,5
9,93,3
9,95,3
9,99,5
9,101,5
9,104,4
9,106,5
9,109,2
9,114,4
9,120,3
9,125,3
9,129,5
9,135,2
9,136,5
9,137,2
9,139,1
9,140,4
9,142,2
9,143,3
9,144,4
9,145,2
9,148,1
9,152,4
9,155,1
9,158,4
9,160,2
9,163,5
9,169,4
9,171,2
9,172,2
9,173,4
9,174,2
9,176,5
9,177,3
9,179,1
9,186,1
9,187,1
9,188,5
9,189,2
9,190,4
9,191,3
9,192,3
9,194,2
9,195,2
9,196,5
9,198,1
9,202,4
9,204,5
9,208,2
9,210,5
9,211,4
9,214,4
9,219,4
9,221,2
9,225,2
9,235,3
9,236,3
9,238,2
9,249,4
9,257,3
9,264,4
9,266,1
9,267,3
9,270,2
9,273,4
9,274,1
9,275,4
9,280,2
9,292,4
9,294,4
9,296,4
9,300,1
10,20,1
10,28,4
10,34,1
10,49,5
10,53,3
10,64,3
10,69,5
10,121,5
10,130,3
10,133,4
10,158,1
10,182,4
10,188,4
10,197,1
10,223,3
10,242,3
10,245,1
10,272,5
10,283,5
10,291,1
10,296,1
11,7,4
11,9,3
11,11,1
11,12,2
11,17,3
11,22,2
11,32,4
11,42,5
11,44,1
11,50,3
11,51,2
11,57,4
11,64,1
11,67,1
11,73,3
11,77,2
11,79,4
11,82,5
11,83,5
11,85,1
11,89,1
11,92,2
11,96,5
11,98,3
11,103,4
11,113,3
11,116,5
11,118,5
11,120,5
11,129,3
11,130,1
11,131,4
11,136,5
11,137,1
11,138,2
11,140,4
11,141,5
11,149,2
11,151,1
11,154,3
11,157,1
11,160,5
11,162,4
11,163,1
11,170,2
11,177,5
11,180,5
11,182,3
11,185,4
11,187,2
11,195,1
11,197,4
11,203,1
11,207,5
11,216,4
11,222,3
11,230,4
11,238,1
11,240,2
11,244,2
11,249,3
11,250,2
11,251,1
11,252,2
11,267,3
11,269,1
11,280,3
11,296,4
11,298,5
11,299,5
11,300,5
12,7,1
12,12,3
12,18,1
12,23,5
12,24,4
12,30,4
12,31,5
12,33,5
12,40,4
12,59,1
12,61,1
12,62,3
12,69,2
12,85,4
12,88,3
12,98,5
12,100,2
12,101,5
12,103,5
12,105,5
12,111,2
12,115,3
12,118,1
12,121,4
12,125,4
12,130,4
12,131,4
12,132,2
12,134,1
12,137,1
12,140,4
12,141,3
12,148,4
12,149,4
12,169,2
12,171,4
12,176,3
12,177,4
12,185,4
12,187,5
12,189,5
12,210,5
12,212,1
12,214,4
12,218,1
12,234,1
12,235,1
12,237,1
12,243,1
12,248,4
12,250,2
12,255,2
12,257,4
12,259,3
12,262,2
12,266,4
12,268,1
12,275,1
12,278,3
12,286,5
12,294,4
13,1,4
13,2,3
13,7,1
13,15,1
13,16,4
13,25,4
13,37,2
13,47,1
13,59,3
13,71,5
13,81,1
13,106,4
13,115,3
13,121,2
13,122,3
13,124,2
13,127,4
13,147,5
13,148,1
13,155,2
13,161,5
13,166,2
13,174,1
13,176,3
13,183,4
13,184,3
13,189,4
13,219,3
13,233,2
13,235,2
13,237,4
13,240,2
13,249,1
13,255,1
13,261,5
13,265,2
13,277,5
13,284,4
13,287,2
14,44,1
14,60,2
14,89,4
14,92,5
14,98,4
14,99,5
14,107,2
14,146,3
14,154,4
14,208,2
14,212,5
14,219,1
14,291,2
15,11,1
15,14,2
15,15,4
15,18,4
15,23,3
15,38,4
15,47,5
15,48,3
15,50,5
15,53,3
15,56,5
15,62,2
15,70,2
15,77,1
15,79,1
15,90,3
15,91,4
15,92,2
15,95,3
15,108,5
15,111,1
15,114,2
15,120,5
15,121,2
15,140,4
15,157,1
15,160,2
15,176,5
15,209,3
15,214,1
15,221,4
15,222,5
15,226,5
15,238,4
15,243,5
15,248,4
15,250,4
15,251,5
15,254,1
15,256,4
15,275,3
15,286,5
15,289,5
15,290,4
15,299,1
15,300,3
16,1,4
16,2,3
16,4,1
16,7,5
16,8,3
16,9,5
16,12,3
16,14,1
16,20,3
16,21,4
16,22,5
16,27,3
16,28,2
16,35,2
16,39,5
16,40,2
16,45,3
16,48,5
16,50,3
16,56,4
16,63,2
16,64,2
16,68,2
16,74,5
16,77,2
16,79,1
16,93,2
16,97,1
16,98,4
16,102,2
16,106,1
16,109,5
16,116,3
16,118,1
16,119,5
16,120,3
16,121,3
16,122,1
16,126,2
16,129,1
16,130,3
16,132,3
16,135,5
16,142,3
16,143,1
16,146,4
16,154,2
16,155,4
16,171,5
16,176,5
16,178,5
16,180,5
16,185,2
16,188,3
16,189,1
16,193,5
16,195,5
16,198,5
16,199,4
16,200,5
16,203,5
16,204,5
16,216,2
16,217,2
16,218,2
16,220,3
16,222,5
16,224,2
16,225,5
16,226,3
16,228,5
16,230,4
16,231,1
16,232,5
16,234,1
16,235,5
16,237,5
16,241,2
16,242,3
16,243,1
16,249,4
16,251,1
16,255,2
16,258,4
16,260,3
16,261,3
16,264,2
16,269,4
16,271,5
16,272,4
16,274,2
16,276,2
16,283,4
16,284,5
16,285,3
16,287,5
16,294,5
16,298,3
17,12,5
17,15,3
17,20,3
17,25,4
17,30,2
17,31,1
17,34,1
17,40,5
17,42,3
17,43,2
17,50,5
17,54,2
17,64,4
17,69,4
17,72,1
17,75,4
17,78,3
17,82,4
17,86,1
17,90,5
17,91,1
17,94,3
17,97,5
17,100,1
17,101,3
17,109,5
17,116,3
17,118,2
17,119,1
17,123,3
17,125,4
17,129,1
17,141,5
17,144,5
17,146,1
17,147,4
17,150,5
17,154,4
17,156,1
17,160,1
17,170,4
17,173,5
17,174,4
17,176,2
17,183,4
17,184,5
17,188,4
17,189,3
17,191,5
17,195,3
17,196,3
17,199,5
17,205,4
17,209,4
17,215,5
17,227,3
17,231,5
17,234,1
17,238,3
17,246,4
17,248,5
17,254,3
17,257,4
17,258,4
17,268,2
17,269,1
17,270,2
17,276,5
17,277,1
17,281,2
17,295,3
17,296,2
18,6,2
18,7,5
18,24,1
18,34,3
18,39,4
18,49,4
18,54,1
18,59,5
18,65,1
18,104,4
18,155,3
18,161,5
18,162,3
18,167,2
18,169,2
18,178,4
18,180,1
18,182,4
18,218,4
18,227,5
18,233,1
18,236,4
18,238,5
18,267,1
18,270,2
18,279,1
18,290,3
19,6,4
19,7,2
19,8,2
19,11,5
19,12,1
19,16,5
19,21,4
19,29,5
19,30,5
19,31,2
19,38,2
19,39,3
19,44,1
19,45,2
19,46,3
19,50,3
19,57,5
19,61,5
19,66,5
19,69,4
19,77,3
19,78,4
19,80,2
19,88,5
19,89,4
19,90,4
19,91,4
19,94,4
19,97,2
19,98,4
19,103,5
19,107,1
19,116,3
19,117,1
19,118,2
19,122,1
19,124,5
19,131,3
19,133,5
19,139,1
19,150,5
19,160,1
19,165,4
19,168,3
19,169,4
19,170,4
19,171,1
19,172,5
19,174,4
19,176,2
19,177,5
19,178,3
19,180,2
19,184,4
19,186,1
19,191,1
19,193,3
19,194,5
19,195,3
19,196,4
19,198,3
19,200,2
19,201,3
19,204,5
19,205,2
19,209,3
19,213,1
19,214,2
19,217,2
19,219,4
19,221,4
19,229,5
19,237,4
19,246,1
19,249,4
19,250,2
19,251,4
19,255,3
19,257,4
19,259,3
19,260,3
19,263,5
19,266,4
19,267,4
19,269,5
19,273,4
19,274,4
19,279,4
19,280,3
19,282,2
19,284,4
19,286,3
19,288,4
19,290,1
19,291,5
19,293,1
19,294,2
19,296,5
19,299,1
20,6,5
20,36,5
20,41,3
20,52,4
20,68,3
20,93,3
20,103,2
20,156,5
20,164,4
20,171,1
20,172,1
20,194,1
20,239,4
20,244,4
20,250,2
20,295,5
21,1,4
21,24,3
21,28,5
21,41,4
21,46,1
21,48,4
21,51,4
21,53,4
21,59,3
21,70,1
21,74,1
21,79,5
21,88,5
21,89,1
21,92,3
21,103,5
21,108,3
21,118,4
21,120,1
21,163,4
21,170,3
21,179,4
21,191,3
21,195,5
21,196,1
21,203,4
21,209,3
21,218,2
21,229,4
21,245,3
21,263,3
21,269,3
21,272,2
21,280,2
21,291,1
22,1,1
22,3,5
22,16,3
22,18,5
22,21,5
22,27,1
22,28,3
22,34,2
22,41,3
22,45,3
22,56,3
22,58,1
22,66,1
22,67,5
22,70,5
22,72,3
22,92,2
22,95,4
22,100,3
22,106,5
22,113,4
22,115,1
22,130,2
22,139,4
22,147,1
22,157,5
22,159,5
22,165,5
22,175,2
22,179,3
22,181,4
22,189,5
22,195,1
22,204,3
22,234,1
22,238,4
22,241,2
22,252,1
22,259,3
22,263,2
22,270,2
22,283,2
22,285,5
22,288,4
23,10,2
23,16,5
23,23,5
23,32,3
23,37,3
23,39,3
23,80,5
23,103,1
23,133,1
23,143,4
23,150,3
23,151,2
23,168,2
23,185,3
23,188,2
23,198,3
23,206,4
23,259,2
23,279,3
23,299,3
24,5,3
24,7,2
24,10,5
24,15,3
24,16,3
24,17,3
24,22,4
24,25,1
24,26,2
24,27,5
24,42,1
24,47,1
24,49,3
24,57,2
24,59,5
24,66,4
24,67,2
24,70,5
24,71,3
24,73,2
24,74,2
24,83,4
24,84,2
24,91,5
24,92,5
24,95,5
24,98,2
24,99,2
24,100,4
24,101,4
24,105,1
24,112,4
24,114,3
24,116,5
24,126,1
24,132,1
24,134,4
24,139,3
24,140,2
24,142,3
24,146,5
24,147,3
24,151,3
24,152,5
24,159,1
24,161,3
24,163,5
24,165,1
24,166,2
24,176,5
24,180,1
24,188,1
24,205,1
24,206,1
24,213,4
24,215,4
24,224,5
24,229,3
24,233,2
24,235,5
24,243,4
24,246,3
24,250,3
24,252,3
24,258,1
24,262,3
24,269,1
24,283,3
24,284,5
24,285,4
24,286,2
24,287,3
24,291,3
24,294,4
24,295,4
25,3,2
25,5,2
25,7,3
25,14,1
25,16,5
25,19,5
25,22,5
25,26,2
25,28,3
25,32,3
25,34,4
25,38,2
25,39,5
25,44,4
25,51,3
25,53,2
25,54,1
25,55,4
25,56,3
25,57,5
25,59,3
25,61,3
25,63,1
25,73,2
25,74,5
25,75,4
25,76,3
25,78,4
25,84,3
25,88,4
25,90,1
25,91,3
25,94,4
25,95,1
25,103,5
25,106,5
25,107,4
25,108,1
25,113,4
25,114,2
25,115,2
25,123,1
25,132,1
25,136,5
25,137,1
25,138,1
25,147,1
25,151,4
25,153,5
25,154,2
25,155,2
25,156,2
25,157,2
25,158,2
25,164,2
25,165,1
25,166,1
25,167,2
25,168,1
25,170,4
25,175,5
25,176,3
25,177,3
25,178,2
25,179,3
25,181,2
25,184,3
25,185,5
25,192,5
25,194,5
25,195,5
25,198,3
25,199,3
25,207,5
25,208,4
25,211,4
25,214,5
25,216,3
25,218,2
25,219,5
25,221,2
25,226,3
25,233,1
25,239,2
25,240,1
25,250,5
25,251,3
25,255,3
25,259,4
25,263,4
25,264,3
25,268,4
25,271,2
25,278,4
25,285,5
25,286,5
25,288,2
25,294,1
25,297,4
25,298,1
26,1,1
26,5,1
26,6,3
26,9,5
26,15,5
26,20,1
26,23,4
26,28,1
26,31,4
26,48,5
26,54,1
26,70,2
26,73,1
26,76,2
26,85,2
26,93,1
26,94,4
26,100,5
26,104,1
26,105,4
26,108,4
26,113,1
26,128,5
26,132,3
26,133,3
26,134,4
26,138,5
26,147,2
26,152,1
26,153,4
26,154,3
26,170,5
26,172,2
26,174,2
26,175,1
26,190,5
26,196,2
26,199,5
26,215,3
26,216,2
26,217,4
26,231,1
26,247,2
26,251,1
26,258,2
26,259,4
26,269,1
26,283,3
26,299,1
27,6,2
27,10,5
27,11,2
27,16,1
27,17,2
27,18,4
27,19,5
27,20,2
27,23,3
27,39,3
27,41,3
27,42,4
27,43,5
27,44,3
27,61,2
27,62,1
27,63,5
27,64,3
27,65,4
27,69,5
27,72,4
27,76,4
27,78,4
27,80,3
27,84,5
27,85,4
27,88,2
27,95,5
27,98,3
27,99,2
27,100,1
27,102,2
27,103,4
27,104,4
27,117,3
27,126,5
27,127,4
27,128,4
27,134,3
27,138,5
27,139,3
27,143,5
27,144,1
27,145,3
27,146,3
27,152,5
27,155,2
27,158,4
27,159,1
27,162,3
27,163,5
27,164,2
27,167,1
27,171,3
27,173,1
27,175,4
27,177,2
27,178,1
27,181,4
27,183,1
27,186,2
27,188,3
27,189,2
27,197,4
27,205,5
27,214,2
27,217,3
27,219,4
27,222,4
27,223,3
27,224,2
27,226,3
27,234,5
27,236,2
27,237,3
27,245,5
27,247,2
27,248,2
27,252,4
27,254,5
27,264,3
27,270,1
27,271,1
27,272,4
27,277,4
27,281,2
27,282,3
27,283,2
27,284,4
27,290,3
27,291,3
27,294,1
27,297,1
27,299,2
28,13,4
28,17,1
28,20,2
28,26,5
28,43,3
28,47,5
28,48,3
28,66,5
28,78,3
28,96,5
28,98,3
28,101,2
28,105,1
28,107,2
28,139,3
28,144,1
28,163,4
28,169,5
28,173,4
28,181,3
28,182,3
28,201,1
28,223,2
28,234,3
28,238,4
28,248,3
28,261,1
28,264,4
28,266,4
28,277,4
28,279,5
28,281,4
28,285,5
29,6,2
29,24,5
29,27,3
29,28,2
29,29,1
29,35,2
29,37,2
29,38,5
29,42,4
29,44,5
29,53,5
29,56,4
29,57,2
29,60,4
29,63,1
29,67,5
29,69,1
29,72,1
29,76,2
29,77,5
29,80,4
29,81,4
29,83,2
29,84,3
29,89,1
29,91,1
29,95,2
29,99,5
29,101,2
29,102,1
29,103,4
29,104,1
29,106,2
29,113,1
29,127,1
29,130,4
29,131,5
29,137,2
29,144,5
29,146,5
29,154,3
29,158,2
29,163,2
29,172,1
29,174,4
29,175,1
29,177,2
29,178,5
29,188,1
29,191,1
29,192,3
29,193,5
29,198,4
29,200,4
29,205,2
29,206,1
29,208,3
29,209,2
29,218,3
29,220,1
29,222,2
29,226,5
29,229,4
29,233,4
29,240,2
29,241,1
29,243,1
29,249,3
29,250,3
29,252,3
29,257,1
29,265,4
29,266,4
29,267,1
29,273,2
29,274,1
29,277,3
29,278,1
29,279,2
29,280,3
29,286,2
29,288,4
29,289,5
29,297,3
29,299,3
30,2,1
30,15,3
30,27,3
30,41,2
30,64,1
30,68,5
30,74,3
30,79,5
30,81,3
30,104,2
30,123,3
30,126,2
30,129,3
30,130,3
30,131,2
30,147,5
30,149,4
30,156,4
30,161,1
30,163,3
30,164,1
30,191,5
30,219,4
30,236,1
30,252,4
30,256,5
30,266,1
30,280,4
30,290,5
31,1,3
31,3,1
31,4,3
31,5,3
31,6,2
31,7,2
31,8,5
31,15,1
31,16,4
31,20,5
31,21,2
31,22,4
31,24,3
31,25,3
31,26,5
31,27,2
31,28,5
31,35,2
31,40,3
31,45,5
31,47,5
31,51,4
31,52,1
31,54,2
31,55,2
31,59,2
31,65,2
31,69,2
31,71,4
31,77,1
31,78,5
31,83,3
31,86,4
31,99,3
31,104,3
31,108,5
31,110,2
31,112,4
31,113,4
31,116,5
31,119,4
31,120,1
31,125,3
31,127,1
31,128,4
31,130,2
31,131,3
31,136,3
31,143,3
31,147,5
31,150,1
31,154,1
31,156,5
31,162,4
31,166,4
31,167,1
31,168,1
31,170,4
31,178,3
31,183,5
31,184,4
31,186,1
31,189,3
31,200,3
31,201,3
31,205,4
31,207,2
31,209,1
31,217,4
31,226,4
31,240,2
31,242,4
31,243,4
31,244,5
31,255,1
31,256,5
31,259,5
31,271,3
31,274,1
31,279,2
31,285,5
31,291,4
31,292,4
31,294,3
31,299,1
32,6,4
32,10,5
32,15,1
32,24,4
32,33,3
32,36,4
32,42,5
32,43,1
32,45,4
32,46,3
32,47,1
32,51,4
32,69,4
32,91,1
32,96,2
32,101,4
32,103,2
32,106,4
32,113,2
32,120,3
32,123,3
32,125,1
32,133,2
32,135,2
32,136,2
32,141,5
32,145,5
32,146,4
32,148,3
32,150,4
32,155,3
32,156,1
32,162,4
32,163,4
32,167,4
32,173,2
32,174,4
32,177,5
32,179,2
32,181,5
32,185,4
32,193,1
32,205,5
32,208,4
32,209,5
32,210,2
32,213,4
32,215,4
32,221,2
32,226,3
32,228,2
32,240,5
32,242,3
32,245,5
32,248,3
32,252,3
32,257,2
32,261,4
32,265,5
32,266,1
32,268,2
32,277,1
32,279,5
32,288,1
32,289,2
32,295,5
32,296,1
33,6,4
33,14,1
33,15,2
33,18,3
33,28,3
33,42,2
33,45,4
33,47,4
33,59,4
33,60,1
33,74,1
33,75,1
33,84,2
33,89,5
33,98,2
33,101,2
33,103,4
33,107,1
33,111,5
33,116,2
33,123,4
33,127,3
33,135,5
33,146,5
33,149,2
33,158,2
33,159,1
33,185,5
33,191,5
33,199,2
33,215,2
33,219,2
33,222,1
33,229,3
33,240,4
33,256,1
33,258,5
33,259,1
33,262,1
33,263,4
33,267,4
33,268,5
33,272,3
33,277,2
33,278,2
33,293,1
33,295,4
33,296,2
33,299,5
34,4,4
34,11,1
34,21,1
34,27,1
34,31,2
34,57,3
34,61,1
34,89,5
34,101,5
34,118,2
34,126,2
34,130,2
34,134,5
34,142,3
34,144,4
34,182,3
34,212,2
34,237,2
34,260,2
34,264,5
34,282,1
34,291,2
35,4,1
35,5,4
35,7,2
35,9,2
35,10,2
35,12,3
35,20,2
35,21,3
35,33,1
35,36,3
35,37,5
35,39,5
35,46,3
35,47,5
35,52,4
35,53,3
35,59,5
35,60,3
35,61,3
35,64,3
35,69,5
35,72,3
35,75,2
35,80,3
35,84,4
35,89,4
35,90,5
35,92,3
35,93,2
35,96,5
35,97,5
35,100,3
35,109,2
35,111,5
35,113,4
35,127,5
35,134,2
35,139,4
35,141,2
35,151,5
35,163,4
35,164,1
35,166,2
35,169,5
35,171,5
35,174,1
35,176,5
35,181,3
35,182,3
35,183,2
35,185,3
35,189,2
35,190,4
35,192,2
35,194,1
35,195,1
35,197,2
35,198,4
35,200,1
35,201,2
35,202,5
35,203,3
35,204,3
35,207,3
35,208,1
35,209,5
35,210,2
35,214,4
35,215,5
35,232,4
35,240,1
35,242,1
35,243,1
35,245,1
35,247,4
35,248,4
35,252,5
35,253,4
35,256,3
35,257,5
35,260,1
35,262,3
35,266,4
35,271,4
35,273,2
35,274,4
35,277,5
35,281,3
35,285,2
35,288,4
35,290,2
35,293,3
36,3,1
36,6,1
36,10,3
36,17,2
36,19,4
36,21,1
36,23,2
36,32,5
36,36,5
36,38,5
36,40,2
36,44,3
36,47,3
36,50,5
36,51,3
36,53,3
36,61,3
36,68,5
36,72,3
36,74,1
36,75,3
36,89,2
36,102,3
36,106,3
36,111,1
36,114,1
36,116,1
36,117,5
36,118,2
36,121,3
36,122,1
36,123,2
36,127,2
36,134,5
36,136,3
36,137,4
36,145,3
36,146,2
36,150,2
36,156,2
36,160,4
36,166,1
36,169,5
36,170,2
36,173,3
36,174,1
36,175,4
36,176,4
36,178,2
36,184,1
36,185,5
36,189,4
36,197,5
36,199,5
36,205,4
36,210,3
36,211,3
36,218,5
36,225,3
36,227,5
36,228,5
36,229,3
36,237,4
36,243,4
36,245,1
36,246,2
36,248,1
36,251,3
36,254,3
36,255,4
36,257,4
36,258,2
36,268,2
36,275,4
36,286,5
36,290,2
36,293,4
36,297,2
37,1,3
37,3,3
37,5,4
37,7,4
37,11,5
37,14,1
37,19,3
37,24,1
37,26,2
37,29,3
37,30,2
37,32,5
37,34,2
37,36,2
37,39,1
37,40,2
37,41,1
37,45,2
37,52,2
37,64,3
37,65,1
37,66,3
37,72,4
37,74,5
37,75,1
37,76,5
37,77,3
37,78,4
37,79,5
37,80,3
37,82,1
37,84,1
37,87,4
37,89,1
37,92,1
37,96,5
37,101,1
37,105,2
37,108,1
37,113,1
37,122,1
37,123,2
37,129,2
37,132,4
37,139,3
37,141,4
37,142,1
37,144,4
37,149,3
37,153,4
37,173,1
37,186,3
37,191,2
37,194,4
37,195,3
37,203,3
37,208,1
37,211,5
37,213,4
37,215,5
37,220,2
37,226,1
37,227,2
37,238,4
37,241,2
37,252,4
37,257,1
37,258,5
37,276,3
37,284,1
37,286,2
37,293,3
37,298,3
37,299,3
38,1,2
38,10,2
38,13,3
38,18,2
38,25,4
38,40,1
38,42,3
38,45,3
38,49,4
38,50,4
38,60,3
38,62,5
38,64,2
38,73,4
38,78,2
38,80,2
38,82,3
38,85,5
38,91,4
38,95,1
38,99,1
38,105,5
38,109,3
38,112,2
38,114,4
38,123,3
38,126,5
38,127,3
38,135,2
38,142,4
38,143,3
38,152,1
38,153,3
38,155,5
38,167,1
38,168,3
38,170,2
38,178,3
38,182,3
38,189,3
38,191,4
38,194,5
38,198,2
38,200,4
38,210,2
38,216,4
38,218,2
38,222,5
38,224,4
38,227,3
38,228,4
38,233,5
38,245,4
38,246,2
38,248,1
38,251,1
38,254,3
38,256,3
38,268,3
38,272,2
38,281,2
38,282,5
38,286,4
38,293,4
39,1,1
39,3,3
39,4,1
39,5,1
39,11,4
39,12,1
39,13,1
39,16,2
39,27,5
39,38,4
39,50,5
39,55,3
39,57,2
39,71,1
39,79,5
39,85,4
39,104,1
39,109,1
39,115,3
39,120,1
39,130,1
39,132,3
39,139,2
39,142,2
39,143,2
39,145,4
39,150,5
39,155,5
39,162,4
39,176,5
39,185,2
39,187,3
39,193,2
39,198,2
39,202,5
39,203,5
39,220,1
39,234,2
39,235,3
39,239,3
39,247,2
39,254,3
39,265,1
39,282,4
39,292,1
39,297,2
40,18,5
40,24,3
40,37,2
40,40,3
40,74,1
40,114,1
40,138,2
40,169,2
40,171,3
40,185,2
40,195,2
40,244,2
40,288,1
40,298,1
41,1,3
41,3,1
41,6,4
41,11,4
41,16,4
41,22,4
41,29,4
41,35,1
41,37,4
41,40,3
41,55,5
41,56,4
41,63,1
41,69,3
41,72,2
41,74,4
41,77,2
41,81,2
41,82,1
41,88,4
41,89,5
41,92,1
41,93,4
41,97,3
41,103,1
41,113,5
41,119,5
41,124,1
41,129,5
41,130,2
41,137,4
41,146,2
41,149,1
41,156,5
41,158,2
41,163,5
41,167,4
41,168,5
41,170,5
41,172,1
41,176,2
41,178,5
41,181,3
41,191,3
41,193,5
41,194,1
41,198,4
41,199,3
41,200,2
41,201,4
41,207,5
41,208,2
41,209,2
41,213,5
41,221,5
41,222,5
41,224,4
41,226,4
41,228,2
41,229,5
41,241,3
41,245,3
41,250,3
41,258,1
41,259,2
41,261,5
41,266,2
41,268,5
41,282,4
41,286,4
41,294,1
42,2,3
42,5,1
42,10,2
42,16,4
42,39,4
42,46,2
42,54,5
42,56,2
42,65,1
42,67,4
42,79,2
42,98,3
42,108,2
42,111,1
42,129,3
42,132,5
42,141,1
42,149,5
42,160,3
42,165,1
42,177,2
42,178,5
42,187,1
42,195,2
42,204,4
42,205,3
42,210,1
42,219,5
42,237,3
42,248,3
42,249,2
42,255,1
42,263,2
42,275,2
42,297,3
42,298,1
43,1,4
43,26,2
43,35,5
43,38,5
43,42,4
43,57,2
43,73,5
43,84,1
43,85,4
43,93,5
43,115,2
43,118,5
43,120,1
43,121,3
43,124,3
43,127,5
43,163,4
43,179,3
43,194,5
43,195,1
43,202,4
43,206,1
43,215,4
43,216,4
43,225,4
43,226,5
43,231,3
43,240,1
43,242,4
43,252,3
43,257,2
43,260,3
43,261,3
43,273,2
43,275,2
43,276,4
43,286,3
43,287,2
44,1,2
44,4,4
44,5,2
44,6,5
44,7,1
44,8,4
44,11,3
44,12,5
44,16,3
44,18,1
44,22,3
44,27,5
44,28,4
44,29,1
44,39,5
44,40,2
44,43,5
44,44,5
44,49,3
44,57,2
44,62,2
44,64,4
44,70,1
44,72,4
44,74,5
44,75,4
44,76,4
44,80,2
44,81,2
44,87,2
44,88,5
44,97,2
44,105,2
44,112,4
44,115,2
44,116,3
44,121,1
44,123,1
44,126,1
44,128,2
44,133,5
44,135,3
44,138,3
44,146,4
44,147,3
44,149,1
44,150,4
44,155,4
44,161,1
44,163,5
44,164,3
44,170,4
44,171,1
44,172,1
44,174,5
44,177,3
44,182,5
44,185,5
44,187,2
44,189,4
44,193,5
44,194,3
44,202,2
44,206,4
44,211,5
44,212,2
44,213,3
44,214,1
44,219,1
44,225,1
44,226,1
44,230,2
44,231,1
44,247,1
44,248,5
44,250,5
44,251,3
44,252,1
44,255,2
44,257,1
44,259,2
44,263,4
44,264,4
44,267,1
44,269,2
44,270,4
44,274,1
44,284,3
44,286,2
44,288,2
44,289,2
44,291,1
44,298,1
45,21,5
45,53,4
45,78,2
45,83,4
45,84,1
45,92,2
45,127,5
45,137,2
45,160,5
45,169,3
45,171,4
45,178,1
45,193,4
45,199,4
45,204,4
45,259,1
45,263,5
45,269,5
45,278,1
46,14,3
46,17,3
46,23,1
46,36,4
46,49,2
46,53,2
46,67,4
46,72,5
46,76,2
46,78,1
46,80,1
46,99,1
46,105,1
46,107,3
46,118,4
46,127,3
46,134,2
46,145,5
46,149,5
46,151,3
46,161,3
46,169,4
46,171,3
46,188,2
46,191,4
46,192,1
46,207,5
46,213,4
46,217,5
46,224,3
46,227,1
46,228,5
46,229,5
46,246,1
46,259,5
46,260,5
46,264,1
46,267,2
46,268,2
46,270,5
46,273,4
46,275,1
46,287,5
46,290,5
46,295,1
47,5,4
47,6,4
47,21,5
47,61,3
47,63,5
47,64,3
47,65,1
47,75,3
47,93,2
47,96,1
47,100,4
47,105,4
47,106,1
47,110,2
47,112,3
47,113,1
47,118,1
47,120,4
47,126,5
47,135,3
47,138,4
47,146,4
47,154,3
47,157,3
47,162,1
47,164,5
47,165,4
47,167,3
47,170,5
47,184,1
47,188,5
47,199,1
47,203,4
47,204,2
47,208,3
47,213,4
47,214,1
47,219,2
47,222,4
47,223,1
47,226,5
47,227,5
47,230,2
47,233,5
47,236,5
47,238,3
47,247,3
47,254,3
47,258,5
47,264,2
47,267,5
47,268,5
47,274,4
47,281,2
47,283,4
48,3,1
48,5,4
48,9,3
48,14,4
48,19,1
48,22,4
48,27,5
48,35,4
48,50,1
48,52,3
48,53,1
48,58,2
48,67,4
48,71,2
48,88,3
48,92,3
48,97,5
48,99,1
48,102,5
48,104,4
48,121,1
48,126,1
48,132,1
48,133,3
48,144,2
48,150,5
48,152,1
48,163,2
48,177,5
48,182,3
48,188,3
48,190,5
48,199,2
48,200,4
48,202,1
48,206,2
48,207,1
48,208,4
48,217,5
48,223,4
48,227,1
48,232,3
48,235,4
48,242,3
48,244,1
48,246,4
48,250,4
48,260,2
48,261,1
48,289,5
48,298,3
49,10,1
49,23,3
49,36,2
49,43,5
49,50,5
49,54,2
49,55,2
49,56,3
49,131,3
49,187,3
49,192,5
49,204,2
49,207,5
49,219,1
49,243,3
49,266,5
49,280,1
49,287,3
49,296,2
50,4,4
50,5,4
50,6,3
50,11,2
50,14,4
50,15,1
50,16,3
50,25,5
50,35,5
50,36,4
50,38,2
50,41,2
50,53,3
50,57,1
50,60,2
50,62,2
50,65,1
50,68,3
50,72,4
50,73,4
50,74,1
50,76,3
50,79,5
50,84,3
50,86,2
50,88,2
50,90,2
50,96,3
50,103,1
50,113,3
50,114,2
50,121,5
50,122,5
50,131,4
50,134,3
50,135,4
50,137,3
50,138,5
50,148,5
50,149,5
50,151,1
50,153,4
50,156,5
50,157,3
50,167,5
50,169,2
50,175,2
50,180,1
50,183,1
50,187,3
50,190,5
50,196,3
50,198,1
50,202,3
50,206,2
50,210,4
50,217,5
50,220,5
50,221,3
50,235,2
50,239,4
50,240,4
50,248,1
50,252,2
50,255,1
50,256,1
50,259,3
50,265,4
50,266,4
50,267,5
50,279,2
50,280,3
50,284,2
50,287,2
50,288,5
50,293,4
